<?xml version="1.0" encoding="UTF-8"?>
<beans:beans
	xmlns="http://www.springframework.org/schema/security"
	xmlns:beans="http://www.springframework.org/schema/beans"
	xmlns:xsi="http://www.w3.org/2001/XMLSchema-instance"
	xsi:schemaLocation="http://www.springframework.org/schema/beans
		http://www.springframework.org/schema/beans/spring-beans.xsd
		http://www.springframework.org/schema/security
		http://www.springframework.org/schema/security/spring-security.xsd">

	<!-- enable use-expressions -->
	<http auto-config="true" use-expressions="true">
		<intercept-url pattern="/user/**" access="hasRole('ROLE_USER')" />

		<!-- access denied page -->
		<access-denied-handler error-page="/403" />
		<form-login login-page="/"
			login-processing-url="/j_spring_security_check"
			default-target-url="/user/dashboard"
			authentication-failure-url="/?error"
			username-parameter="username" 
			password-parameter="password" />
		<logout logout-success-url="/?logout" />
		<!-- enable csrf protection -->
		<csrf disabled="true" />
	</http>

	<authentication-manager>
		<authentication-provider
			user-service-ref="customUserDetailService">
		</authentication-provider>
	</authentication-manager>

</beans:beans>